author,post,url,date
Sarah Chen,"We're manually processing 200 leads daily. This is consuming 80% of our team's time. Anyone know how to automate this? Need something quick, budget approved.",https://linkedin.com/feed/update/urn:li:activity:1234,2024-04-20
Mike Johnson,"Our CRM data is a complete mess. Duplicate records, inconsistent fields, no way to trust the pipeline numbers. How do you manage this at scale?",https://linkedin.com/feed/update/urn:li:activity:5678,2024-04-19
Lisa Wang,Looking for a developer or agency to build our e-commerce platform. Have budget allocated. Timeline: 3 months. Serious inquiries only. DM me.,https://linkedin.com/feed/update/urn:li:activity:9012,2024-04-19
David Martinez,"Just implemented HubSpot and it's transformed our sales process! So grateful to the team for making this happen. #SalesAutomation",https://linkedin.com/feed/update/urn:li:activity:3456,2024-04-18
Emma Rodriguez,"We're using Zapier to connect our tools but it's becoming unmaintainable. 50+ Zaps and constant errors. Anyone else hit this pain point? What's your solution?",https://linkedin.com/feed/update/urn:li:activity:7890,2024-04-18
James Park,"URGENT: Hiring automation engineer to set up workflow automation. We're getting 500+ orders daily and our fulfillment is 100% manual. Need someone ASAP. Budget is ready.",https://linkedin.com/feed/update/urn:li:activity:2345,2024-04-17
Rachel Green,"How does your company handle customer onboarding at scale? We're struggling to manage the process smoothly as we grow. Would love to hear what you've built.",https://linkedin.com/feed/update/urn:li:activity:6789,2024-04-17
Kevin Tan,"5 tips for improving your workflow efficiency! Follow for daily automation insights.",https://linkedin.com/feed/update/urn:li:activity:0123,2024-04-16
Nicole Ahmed,"Our sales team wastes 3 hours daily on manual CRM data entry. Contracts come in via email, deals via Slack, proposals in Salesforce. It's chaos. Need to consolidate and automate. Any recommendations?",https://linkedin.com/feed/update/urn:li:activity:4567,2024-04-16
Tom Wilson,"Just got promoted to VP of Operations! Excited for the new challenge 🎉 #CareerGrowth",https://linkedin.com/feed/update/urn:li:activity:8901,2024-04-15
